Leonardo DiCaprio,Kate Winslet
Leonardo DiCaprio,Martin Scorsese
Leonardo DiCaprio,Jackie Earle Haley
Leonardo DiCaprio,Marion Cotillard
Leonardo DiCaprio,Ellen Page
Leonardo DiCaprio,Ryan Gosling
Leonardo DiCaprio,Judi Dench
Leonardo DiCaprio,Clint Eastwood
Leonardo DiCaprio,George Clooney
Leonardo DiCaprio,Philip Seymour Hoffman
Leonardo DiCaprio,Julie Christie
Leonardo DiCaprio,Marisa Tomei
Leonardo DiCaprio,Christoph Waltz
Leonardo DiCaprio,James Cameron
Leonardo DiCaprio,Quentin Tarantino
Leonardo DiCaprio,Jonah Hill
Leonardo DiCaprio,Forest Whitaker
Leonardo DiCaprio,Casey Affleck
Leonardo DiCaprio,Woody Harrelson
Leonardo DiCaprio,Carey Mulligan
Leonardo DiCaprio,Christian Bale
Leonardo DiCaprio,Jean Dujardin
Leonardo DiCaprio,Alejandro González Iñárritu
Leonardo DiCaprio,Brad Pitt
Leonardo DiCaprio,Robert De Niro
Leonardo DiCaprio,Alejandro G. Iñárritu
Leonardo DiCaprio,Cate Blanchett
Leonardo DiCaprio,Daniel Day-Lewis
Leonardo DiCaprio,Sally Field
Leonardo DiCaprio,Steven Spielberg
Leonardo DiCaprio,Laura Dern
Leonardo DiCaprio,Demián Bichir
Leonardo DiCaprio,Bruce Dern
Leonardo DiCaprio,Michael Fassbender
Leonardo DiCaprio,Jennifer Jason Leigh
Leonardo DiCaprio,Sam Rockwell
Leonardo DiCaprio,Margot Robbie
Ryan Gosling,Frank Langella
Ryan Gosling,George Clooney
Ryan Gosling,Philip Seymour Hoffman
Ryan Gosling,Brad Pitt
Ryan Gosling,Michael Shannon
Ryan Gosling,Viola Davis
Ryan Gosling,Marisa Tomei
Ryan Gosling,Carey Mulligan
Ryan Gosling,Martin Scorsese
Ryan Gosling,Sean Penn
Ryan Gosling,Josh Brolin
Ryan Gosling,Nick Nolte
Ryan Gosling,Bérénice Bejo
Ryan Gosling,Jessica Chastain
Ryan Gosling,Bradley Cooper
Ryan Gosling,Saoirse Ronan
Ryan Gosling,Melissa Leo
Ryan Gosling,Christian Bale
Ryan Gosling,Steve Carell
Ryan Gosling,Robert Downey Jr.
Ryan Gosling,J.K. Simmons
Ryan Gosling,Emma Stone
Ryan Gosling,Cate Blanchett
Ryan Gosling,Natalie Portman
Ryan Gosling,Rooney Mara
Ryan Gosling,Terrence Malick
Ryan Gosling,Barkhad Abdi
Ryan Gosling,Michael Fassbender
Ryan Gosling,Jared Leto
Ryan Gosling,Denis Villeneuve
Ryan Gosling,Steven Spielberg
Ryan Gosling,Damien Chazelle
Peter O'Toole,Penélope Cruz
Peter O'Toole,Judi Dench
Peter O'Toole,Helen Mirren
Peter O'Toole,Meryl Streep
Peter O'Toole,Kate Winslet
Peter O'Toole,Cate Blanchett
Peter O'Toole,Jennifer Hudson
Peter O'Toole,Martin Scorsese
Peter O'Toole,Clint Eastwood
Peter O'Toole,George Clooney
Peter O'Toole,Daniel Day-Lewis
Peter O'Toole,Philip Seymour Hoffman
Peter O'Toole,Marion Cotillard
Peter O'Toole,Jason Reitman
Peter O'Toole,Angelina Jolie
Peter O'Toole,Ron Howard
Peter O'Toole,Matt Damon
Peter O'Toole,Kathryn Bigelow
Peter O'Toole,Annette Bening
Peter O'Toole,Nicole Kidman
Peter O'Toole,Nick Nolte
Peter O'Toole,Glenn Close
Peter O'Toole,Denzel Washington
Peter O'Toole,Ang Lee
Peter O'Toole,Steven Spielberg
Peter O'Toole,Julia Roberts
Peter O'Toole,Steve McQueen
Will Smith,Jennifer Hudson
Will Smith,Taraji P. Henson
Will Smith,Forest Whitaker
Will Smith,Daniel Day-Lewis
Will Smith,Tommy Lee Jones
Will Smith,Josh Brolin
Will Smith,Marion Cotillard
Will Smith,Woody Harrelson
Will Smith,Woody Allen
Will Smith,Robert De Niro
Will Smith,Quvenzhané Wallis
Will Smith,Hugh Jackman
Will Smith,Lupita Nyong'o
Will Smith,Helen Mirren
Will Smith,Kate Winslet
Will Smith,Viola Davis
Will Smith,Jesse Eisenberg
Will Smith,Jared Leto
Will Smith,Edward Norton
Will Smith,Keira Knightley
Will Smith,Mary J. Blige
Will Smith,Ron Howard
Will Smith,Ang Lee
Forest Whitaker,Jackie Earle Haley
Forest Whitaker,Cate Blanchett
Forest Whitaker,Jennifer Hudson
Forest Whitaker,Julie Christie
Forest Whitaker,Marion Cotillard
Forest Whitaker,Laura Linney
Forest Whitaker,Ellen Page
Forest Whitaker,Taraji P. Henson
Forest Whitaker,Meryl Streep
Forest Whitaker,Daniel Day-Lewis
Forest Whitaker,Nicole Kidman
Forest Whitaker,Casey Affleck
Forest Whitaker,Woody Harrelson
Forest Whitaker,Lee Daniels
Forest Whitaker,Christian Bale
Forest Whitaker,Octavia Spencer
Forest Whitaker,Bradley Cooper
Forest Whitaker,Tony Gilroy
Forest Whitaker,Amy Adams
Forest Whitaker,Jeremy Renner
Forest Whitaker,Felicity Jones
Forest Whitaker,Mahershala Ali
Forest Whitaker,Denis Villeneuve
Forest Whitaker,Johnny Depp
Forest Whitaker,Lupita Nyong'o
Forest Whitaker,Daniel Kaluuya
Alan Arkin,Meryl Streep
Alan Arkin,Brad Pitt
Alan Arkin,Amy Adams
Alan Arkin,George Clooney
Alan Arkin,Robert De Niro
Alan Arkin,Marisa Tomei
Alan Arkin,June Squibb
Alan Arkin,Morgan Freeman
Alan Arkin,Michael Keaton
Jackie Earle Haley,Jennifer Hudson
Jackie Earle Haley,Martin Scorsese
Jackie Earle Haley,Daniel Day-Lewis
Jackie Earle Haley,Johnny Depp
Jackie Earle Haley,Tommy Lee Jones
Jackie Earle Haley,Hal Holbrook
Jackie Earle Haley,John Hawkes
Jackie Earle Haley,Helena Bonham Carter
Jackie Earle Haley,Jacki Weaver
Jackie Earle Haley,Gary Oldman
Jackie Earle Haley,Melissa Leo
Jackie Earle Haley,Morgan Freeman
Jackie Earle Haley,Ron Howard
Jackie Earle Haley,Matthew McConaughey
Jackie Earle Haley,Christoph Waltz
Jackie Earle Haley,James Cameron
Jackie Earle Haley,Edward Norton
Jackie Earle Haley,Mahershala Ali
Djimon Hounsou,Helen Mirren
Djimon Hounsou,Cate Blanchett
Djimon Hounsou,Josh Brolin
Djimon Hounsou,Jeff Bridges
Djimon Hounsou,Jonah Hill
Djimon Hounsou,Glenn Close
Djimon Hounsou,Bradley Cooper
Djimon Hounsou,Christoph Waltz
Djimon Hounsou,Heath Ledger
Djimon Hounsou,Naomi Watts
Djimon Hounsou,Ang Lee
Djimon Hounsou,Nicole Kidman
Djimon Hounsou,Willem Dafoe
Djimon Hounsou,Anne Hathaway
Djimon Hounsou,Mark Ruffalo
Djimon Hounsou,Annette Bening
Djimon Hounsou,Hailee Steinfeld
Djimon Hounsou,Matthew McConaughey
Djimon Hounsou,Brie Larson
Eddie Murphy,Casey Affleck
Eddie Murphy,Woody Harrelson
Eddie Murphy,Gabourey Sidibe
Eddie Murphy,Quentin Tarantino
Eddie Murphy,Ruby Dee
Mark Wahlberg,Saoirse Ronan
Mark Wahlberg,Melissa Leo
Mark Wahlberg,Amy Adams
Mark Wahlberg,Taraji P. Henson
Mark Wahlberg,Viola Davis
Mark Wahlberg,Hugh Jackman
Mark Wahlberg,Denzel Washington
Mark Wahlberg,Stanley Tucci
Mark Wahlberg,Steven Spielberg
Mark Wahlberg,Morgan Freeman
Mark Wahlberg,J.K. Simmons
Mark Wahlberg,Christopher Plummer
Mark Wahlberg,Michelle Williams
Mark Wahlberg,Adam McKay
Mark Wahlberg,Mel Gibson
Mark Wahlberg,Octavia Spencer
Penélope Cruz,Javier Bardem
Penélope Cruz,Judi Dench
Penélope Cruz,Daniel Day-Lewis
Penélope Cruz,Marion Cotillard
Penélope Cruz,Martin Scorsese
Penélope Cruz,Johnny Depp
Penélope Cruz,Sean Penn
Penélope Cruz,Josh Brolin
Penélope Cruz,Geoffrey Rush
Penélope Cruz,Ellen Page
Penélope Cruz,Jesse Eisenberg
Penélope Cruz,Woody Allen
Penélope Cruz,Brad Pitt
Penélope Cruz,Helen Mirren
Penélope Cruz,Meryl Streep
Penélope Cruz,Kate Winslet
Penélope Cruz,Cate Blanchett
Penélope Cruz,Jennifer Hudson
Penélope Cruz,Clint Eastwood
Penélope Cruz,George Clooney
Penélope Cruz,Philip Seymour Hoffman
Penélope Cruz,Jason Reitman
Penélope Cruz,Angelina Jolie
Penélope Cruz,Ron Howard
Penélope Cruz,Matt Damon
Penélope Cruz,Kathryn Bigelow
Penélope Cruz,Annette Bening
Penélope Cruz,Nicole Kidman
Penélope Cruz,Nick Nolte
Penélope Cruz,Glenn Close
Penélope Cruz,Denzel Washington
Penélope Cruz,Ang Lee
Penélope Cruz,Steven Spielberg
Penélope Cruz,Julia Roberts
Penélope Cruz,Steve McQueen
Penélope Cruz,Gabourey Sidibe
Penélope Cruz,Barkhad Abdi
Penélope Cruz,Benedict Cumberbatch
Penélope Cruz,Adam McKay
Penélope Cruz,Kenneth Branagh
Penélope Cruz,Terrence Malick
Judi Dench,Adriana Barraza
Judi Dench,Daniel Day-Lewis
Judi Dench,Marion Cotillard
Judi Dench,Clint Eastwood
Judi Dench,Johnny Depp
Judi Dench,Tom Wilkinson
Judi Dench,Geoffrey Rush
Judi Dench,Michelle Williams
Judi Dench,Javier Bardem
Judi Dench,Colin Firth
Judi Dench,Kenneth Branagh
Judi Dench,Stephen Frears
Judi Dench,Glenn Close
Judi Dench,Hugh Jackman
Judi Dench,Helen Mirren
Judi Dench,Meryl Streep
Judi Dench,Kate Winslet
Judi Dench,Cate Blanchett
Judi Dench,Jennifer Hudson
Judi Dench,Martin Scorsese
Judi Dench,George Clooney
Judi Dench,Philip Seymour Hoffman
Judi Dench,Jason Reitman
Judi Dench,Angelina Jolie
Judi Dench,Ron Howard
Judi Dench,Matt Damon
Judi Dench,Kathryn Bigelow
Judi Dench,Annette Bening
Judi Dench,Nicole Kidman
Judi Dench,Nick Nolte
Judi Dench,Denzel Washington
Judi Dench,Ang Lee
Judi Dench,Steven Spielberg
Judi Dench,Julia Roberts
Judi Dench,Steve McQueen
Judi Dench,Christoph Waltz
Judi Dench,Benedict Cumberbatch
Judi Dench,Alicia Vikander
Judi Dench,Tom Hooper
Helen Mirren,Tony Gilroy
Helen Mirren,Viola Davis
Helen Mirren,Tom Wilkinson
Helen Mirren,Morgan Freeman
Helen Mirren,Meryl Streep
Helen Mirren,Kate Winslet
Helen Mirren,Cate Blanchett
Helen Mirren,Jennifer Hudson
Helen Mirren,Martin Scorsese
Helen Mirren,Clint Eastwood
Helen Mirren,George Clooney
Helen Mirren,Daniel Day-Lewis
Helen Mirren,Philip Seymour Hoffman
Helen Mirren,Marion Cotillard
Helen Mirren,Jason Reitman
Helen Mirren,Angelina Jolie
Helen Mirren,Ron Howard
Helen Mirren,Matt Damon
Helen Mirren,Kathryn Bigelow
Helen Mirren,Annette Bening
Helen Mirren,Nicole Kidman
Helen Mirren,Nick Nolte
Helen Mirren,Glenn Close
Helen Mirren,Denzel Washington
Helen Mirren,Ang Lee
Helen Mirren,Steven Spielberg
Helen Mirren,Julia Roberts
Helen Mirren,Steve McQueen
Helen Mirren,Casey Affleck
Helen Mirren,Geoffrey Rush
Helen Mirren,Jessica Chastain
Helen Mirren,Joaquin Phoenix
Helen Mirren,Colin Firth
Helen Mirren,Barkhad Abdi
Helen Mirren,Benedict Cumberbatch
Helen Mirren,Edward Norton
Helen Mirren,Keira Knightley
Helen Mirren,Natalie Portman
Helen Mirren,Mickey Rourke
Helen Mirren,Richard E. Grant
Meryl Streep,Clint Eastwood
Meryl Streep,Philip Seymour Hoffman
Meryl Streep,George Clooney
Meryl Streep,Amy Adams
Meryl Streep,Viola Davis
Meryl Streep,Tommy Lee Jones
Meryl Streep,Brad Pitt
Meryl Streep,Jean Dujardin
Meryl Streep,Bérénice Bejo
Meryl Streep,Michel Hazanavicius
Meryl Streep,Cate Blanchett
Meryl Streep,Abigail Breslin
Meryl Streep,Martin Scorsese
Meryl Streep,Hal Holbrook
Meryl Streep,Anne Hathaway
Meryl Streep,Morgan Freeman
Meryl Streep,Steven Spielberg
Meryl Streep,Kate Winslet
Meryl Streep,Jennifer Hudson
Meryl Streep,Daniel Day-Lewis
Meryl Streep,Johnny Depp
Meryl Streep,Marion Cotillard
Meryl Streep,Jason Reitman
Meryl Streep,Angelina Jolie
Meryl Streep,Ron Howard
Meryl Streep,Jeff Bridges
Meryl Streep,Matt Damon
Meryl Streep,Anna Kendrick
Meryl Streep,Kathryn Bigelow
Meryl Streep,Annette Bening
Meryl Streep,Nicole Kidman
Meryl Streep,Hailee Steinfeld
Meryl Streep,Nick Nolte
Meryl Streep,Glenn Close
Meryl Streep,Denzel Washington
Meryl Streep,Ang Lee
Meryl Streep,Julia Roberts
Meryl Streep,Steve McQueen
Meryl Streep,Carey Mulligan
Meryl Streep,Helena Bonham Carter
Meryl Streep,Reese Witherspoon
Meryl Streep,Stephen Frears
Meryl Streep,Frank Langella
Meryl Streep,Maggie Gyllenhaal
Meryl Streep,Natalie Portman
Meryl Streep,Ethan Hawke
Meryl Streep,Paul Greengrass
Meryl Streep,Jennifer Lawrence
Meryl Streep,Robert De Niro
Meryl Streep,Robert Duvall
Meryl Streep,Laura Dern
Meryl Streep,Bryan Cranston
Meryl Streep,Colin Firth
Meryl Streep,Mark Ruffalo
Meryl Streep,Gary Oldman
Meryl Streep,Naomi Watts
Meryl Streep,Allison Janney
Meryl Streep,Saoirse Ronan
Meryl Streep,Taraji P. Henson
Meryl Streep,Marisa Tomei
Meryl Streep,Christopher Plummer
Meryl Streep,Jessica Chastain
Meryl Streep,Timothée Chalamet
Meryl Streep,Greta Gerwig
Kate Winslet,Marion Cotillard
Kate Winslet,Matt Damon
Kate Winslet,Christopher Plummer
Kate Winslet,Christoph Waltz
Kate Winslet,John Hawkes
Kate Winslet,Helena Bonham Carter
Kate Winslet,James Cameron
Kate Winslet,Jason Reitman
Kate Winslet,Josh Brolin
Kate Winslet,Hugh Jackman
Kate Winslet,Naomi Watts
Kate Winslet,Cate Blanchett
Kate Winslet,Jennifer Hudson
Kate Winslet,Martin Scorsese
Kate Winslet,Clint Eastwood
Kate Winslet,George Clooney
Kate Winslet,Daniel Day-Lewis
Kate Winslet,Philip Seymour Hoffman
Kate Winslet,Angelina Jolie
Kate Winslet,Ron Howard
Kate Winslet,Kathryn Bigelow
Kate Winslet,Annette Bening
Kate Winslet,Nicole Kidman
Kate Winslet,Nick Nolte
Kate Winslet,Glenn Close
Kate Winslet,Denzel Washington
Kate Winslet,Ang Lee
Kate Winslet,Steven Spielberg
Kate Winslet,Julia Roberts
Kate Winslet,Steve McQueen
Kate Winslet,Danny Boyle
Kate Winslet,Stanley Tucci
Kate Winslet,Janet McTeer
Kate Winslet,Octavia Spencer
Kate Winslet,Michael Fassbender
Kate Winslet,Casey Affleck
Kate Winslet,Woody Harrelson
Kate Winslet,Chiwetel Ejiofor
Kate Winslet,Edward Norton
Kate Winslet,Keira Knightley
Kate Winslet,Woody Allen
Kate Winslet,Willem Dafoe
Adriana Barraza,Jeremy Renner
Adriana Barraza,Natalie Portman
Adriana Barraza,Anna Kendrick
Adriana Barraza,James Franco
Adriana Barraza,Robert Duvall
Adriana Barraza,Sylvester Stallone
Cate Blanchett,Julie Christie
Cate Blanchett,Marion Cotillard
Cate Blanchett,Laura Linney
Cate Blanchett,Ellen Page
Cate Blanchett,Tilda Swinton
Cate Blanchett,Brad Pitt
Cate Blanchett,Taraji P. Henson
Cate Blanchett,David Fincher
Cate Blanchett,Johnny Depp
Cate Blanchett,Viggo Mortensen
Cate Blanchett,Robert Downey Jr.
Cate Blanchett,Morgan Freeman
Cate Blanchett,Matt Damon
Cate Blanchett,James Cameron
Cate Blanchett,Saoirse Ronan
Cate Blanchett,Anne Hathaway
Cate Blanchett,Woody Allen
Cate Blanchett,Bradley Cooper
Cate Blanchett,Jennifer Hudson
Cate Blanchett,Martin Scorsese
Cate Blanchett,Clint Eastwood
Cate Blanchett,George Clooney
Cate Blanchett,Daniel Day-Lewis
Cate Blanchett,Philip Seymour Hoffman
Cate Blanchett,Jason Reitman
Cate Blanchett,Angelina Jolie
Cate Blanchett,Ron Howard
Cate Blanchett,Kathryn Bigelow
Cate Blanchett,Annette Bening
Cate Blanchett,Nicole Kidman
Cate Blanchett,Jean Dujardin
Cate Blanchett,Jonah Hill
Cate Blanchett,Nick Nolte
Cate Blanchett,Glenn Close
Cate Blanchett,Denzel Washington
Cate Blanchett,Ang Lee
Cate Blanchett,Steven Spielberg
Cate Blanchett,Julia Roberts
Cate Blanchett,Steve McQueen
Cate Blanchett,Christian Bale
Cate Blanchett,Natalie Portman
Cate Blanchett,Helena Bonham Carter
Cate Blanchett,Kenneth Branagh
Cate Blanchett,Rooney Mara
Cate Blanchett,Terrence Malick
Cate Blanchett,Mark Ruffalo
Cate Blanchett,Sally Field
Cate Blanchett,Michael Fassbender
Cate Blanchett,Benedict Cumberbatch
Cate Blanchett,Laura Dern
Cate Blanchett,Sandra Bullock
Cate Blanchett,Naomie Harris
Cate Blanchett,Marisa Tomei
Cate Blanchett,Jessica Chastain
Cate Blanchett,Reese Witherspoon
Cate Blanchett,Richard Linklater
Abigail Breslin,Johnny Depp
Abigail Breslin,George Clooney
Abigail Breslin,Viola Davis
Abigail Breslin,Hailee Steinfeld
Abigail Breslin,Woody Harrelson
Abigail Breslin,Jesse Eisenberg
Abigail Breslin,Emma Stone
Jennifer Hudson,Taraji P. Henson
Jennifer Hudson,Melissa Leo
Jennifer Hudson,Octavia Spencer
Jennifer Hudson,Martin Scorsese
Jennifer Hudson,Clint Eastwood
Jennifer Hudson,George Clooney
Jennifer Hudson,Daniel Day-Lewis
Jennifer Hudson,Philip Seymour Hoffman
Jennifer Hudson,Marion Cotillard
Jennifer Hudson,Jason Reitman
Jennifer Hudson,Richard Jenkins
Jennifer Hudson,Angelina Jolie
Jennifer Hudson,Amy Adams
Jennifer Hudson,Ron Howard
Jennifer Hudson,Matt Damon
Jennifer Hudson,Kathryn Bigelow
Jennifer Hudson,Annette Bening
Jennifer Hudson,Nicole Kidman
Jennifer Hudson,Nick Nolte
Jennifer Hudson,Glenn Close
Jennifer Hudson,Denzel Washington
Jennifer Hudson,Ang Lee
Jennifer Hudson,Steven Spielberg
Jennifer Hudson,Julia Roberts
Jennifer Hudson,Steve McQueen
Jennifer Hudson,Matthew McConaughey
Jennifer Hudson,Reese Witherspoon
Jennifer Hudson,Wes Anderson
Jennifer Hudson,Marisa Tomei
Jennifer Hudson,Woody Harrelson
Jennifer Hudson,Tom Hooper
Jennifer Hudson,Adam McKay
Rinko Kikuchi,Alexander Payne
Rinko Kikuchi,Guillermo del Toro
Alejandro González Iñárritu,Martin Scorsese
Alejandro González Iñárritu,Clint Eastwood
Alejandro González Iñárritu,Javier Bardem
Alejandro González Iñárritu,Alexander Payne
Alejandro González Iñárritu,Woody Allen
Alejandro González Iñárritu,George Clooney
Alejandro González Iñárritu,David Fincher
Alejandro González Iñárritu,Sandra Bullock
Alejandro González Iñárritu,James Cameron
Alejandro González Iñárritu,Robert De Niro
Alejandro González Iñárritu,Michael Haneke
Alejandro González Iñárritu,Ang Lee
Alejandro González Iñárritu,Amy Ryan
Alejandro González Iñárritu,Naomi Watts
Martin Scorsese,Clint Eastwood
Martin Scorsese,George Clooney
Martin Scorsese,Julian Schnabel
Martin Scorsese,Johnny Depp
Martin Scorsese,Sean Penn
Martin Scorsese,Josh Brolin
Martin Scorsese,Ron Howard
Martin Scorsese,Quentin Tarantino
Martin Scorsese,David Fincher
Martin Scorsese,Danny Boyle
Martin Scorsese,Jeff Bridges
Martin Scorsese,James Cameron
Martin Scorsese,Glenn Close
Martin Scorsese,Alexander Payne
Martin Scorsese,Woody Allen
Martin Scorsese,Tommy Lee Jones
Martin Scorsese,Hal Holbrook
Martin Scorsese,Morgan Freeman
Martin Scorsese,Jean Dujardin
Martin Scorsese,Jonah Hill
Martin Scorsese,Bérénice Bejo
Martin Scorsese,Jessica Chastain
Martin Scorsese,Michael Haneke
Martin Scorsese,Ang Lee
Martin Scorsese,Steven Spielberg
Martin Scorsese,Daniel Day-Lewis
Martin Scorsese,Philip Seymour Hoffman
Martin Scorsese,Marion Cotillard
Martin Scorsese,Jason Reitman
Martin Scorsese,Angelina Jolie
Martin Scorsese,Matt Damon
Martin Scorsese,Kathryn Bigelow
Martin Scorsese,Annette Bening
Martin Scorsese,Nicole Kidman
Martin Scorsese,Nick Nolte
Martin Scorsese,Denzel Washington
Martin Scorsese,Julia Roberts
Martin Scorsese,Steve McQueen
Martin Scorsese,Stephen Frears
Martin Scorsese,Brad Pitt
Martin Scorsese,Patricia Arquette
Martin Scorsese,Richard Linklater
Martin Scorsese,Wes Anderson
Martin Scorsese,Alejandro G. Iñárritu
Martin Scorsese,Amy Ryan
Martin Scorsese,Christian Bale
Martin Scorsese,Natalie Portman
Martin Scorsese,Sally Field
Martin Scorsese,Michael Fassbender
Martin Scorsese,J.K. Simmons
Martin Scorsese,Laura Dern
Martin Scorsese,Sylvester Stallone
Martin Scorsese,Brie Larson
Martin Scorsese,Andrew Garfield
Martin Scorsese,Tilda Swinton
Clint Eastwood,George Clooney
Clint Eastwood,Hal Holbrook
Clint Eastwood,Amy Ryan
Clint Eastwood,Morgan Freeman
Clint Eastwood,Matt Damon
Clint Eastwood,Amy Adams
Clint Eastwood,Jeff Bridges
Clint Eastwood,Glenn Close
Clint Eastwood,Woody Allen
Clint Eastwood,Johnny Depp
Clint Eastwood,Tommy Lee Jones
Clint Eastwood,Ron Howard
Clint Eastwood,Helena Bonham Carter
Clint Eastwood,Steven Spielberg
Clint Eastwood,Daniel Day-Lewis
Clint Eastwood,Philip Seymour Hoffman
Clint Eastwood,Marion Cotillard
Clint Eastwood,Jason Reitman
Clint Eastwood,Angelina Jolie
Clint Eastwood,Kathryn Bigelow
Clint Eastwood,Annette Bening
Clint Eastwood,Nicole Kidman
Clint Eastwood,Nick Nolte
Clint Eastwood,Bradley Cooper
Clint Eastwood,Denzel Washington
Clint Eastwood,Ang Lee
Clint Eastwood,Julia Roberts
Clint Eastwood,Steve McQueen
Clint Eastwood,Laura Linney
Clint Eastwood,Quentin Tarantino
Clint Eastwood,Sylvester Stallone
Clint Eastwood,Brad Pitt
Clint Eastwood,Christoph Waltz
Clint Eastwood,Demián Bichir
Clint Eastwood,Jonah Hill
Clint Eastwood,Robert De Niro
Clint Eastwood,Bruce Dern
Clint Eastwood,Michael Fassbender
Clint Eastwood,Jennifer Jason Leigh
Clint Eastwood,Sam Rockwell
Stephen Frears,Frank Langella
Stephen Frears,Christopher Plummer
Stephen Frears,Helena Bonham Carter
Stephen Frears,Michael Haneke
Paul Greengrass,Amy Ryan
Paul Greengrass,Matt Damon
Paul Greengrass,Tommy Lee Jones
Paul Greengrass,Alicia Vikander
Paul Greengrass,Steven Spielberg
George Clooney,Tilda Swinton
George Clooney,Jason Reitman
George Clooney,Brad Pitt
George Clooney,Angelina Jolie
George Clooney,Philip Seymour Hoffman
George Clooney,Michael Shannon
George Clooney,Viola Davis
George Clooney,Marisa Tomei
George Clooney,Matt Damon
George Clooney,Jean Dujardin
George Clooney,Bérénice Bejo
George Clooney,Michel Hazanavicius
George Clooney,David Fincher
George Clooney,Sandra Bullock
George Clooney,James Cameron
George Clooney,Daniel Day-Lewis
George Clooney,Marion Cotillard
George Clooney,Ron Howard
George Clooney,Kathryn Bigelow
George Clooney,Annette Bening
George Clooney,Nicole Kidman
George Clooney,Nick Nolte
George Clooney,Glenn Close
George Clooney,Denzel Washington
George Clooney,Ang Lee
George Clooney,Steven Spielberg
George Clooney,Julia Roberts
George Clooney,Steve McQueen
George Clooney,Josh Brolin
George Clooney,Jonah Hill
George Clooney,Julianne Moore
George Clooney,Tommy Lee Jones
George Clooney,Anne Hathaway
George Clooney,Helena Bonham Carter
George Clooney,Woody Allen
George Clooney,Wes Anderson
Daniel Day-Lewis,Marion Cotillard
Daniel Day-Lewis,Tommy Lee Jones
Daniel Day-Lewis,Hal Holbrook
Daniel Day-Lewis,John Hawkes
Daniel Day-Lewis,Steven Spielberg
Daniel Day-Lewis,Philip Seymour Hoffman
Daniel Day-Lewis,Jason Reitman
Daniel Day-Lewis,Angelina Jolie
Daniel Day-Lewis,Ron Howard
Daniel Day-Lewis,Matt Damon
Daniel Day-Lewis,Kathryn Bigelow
Daniel Day-Lewis,Annette Bening
Daniel Day-Lewis,Nicole Kidman
Daniel Day-Lewis,Nick Nolte
Daniel Day-Lewis,Glenn Close
Daniel Day-Lewis,Denzel Washington
Daniel Day-Lewis,Ang Lee
Daniel Day-Lewis,Julia Roberts
Daniel Day-Lewis,Steve McQueen
Daniel Day-Lewis,Ethan Hawke
Daniel Day-Lewis,Julianne Moore
Daniel Day-Lewis,Paul Thomas Anderson
Daniel Day-Lewis,Christian Bale
Daniel Day-Lewis,Sally Field
Daniel Day-Lewis,Laura Dern
Johnny Depp,Marion Cotillard
Johnny Depp,Heath Ledger
Johnny Depp,Viggo Mortensen
Johnny Depp,Brad Pitt
Johnny Depp,Robert Downey Jr.
Johnny Depp,Anne Hathaway
Johnny Depp,Angelina Jolie
Johnny Depp,Morgan Freeman
Johnny Depp,Matt Damon
Johnny Depp,James Cameron
Johnny Depp,Richard Jenkins
Johnny Depp,Geoffrey Rush
Johnny Depp,Mickey Rourke
Johnny Depp,Helena Bonham Carter
Johnny Depp,Jonah Hill
Johnny Depp,Tom Wilkinson
Johnny Depp,Ron Howard
Johnny Depp,Steven Spielberg
Johnny Depp,Anna Kendrick
Johnny Depp,Robert De Niro
Johnny Depp,Benedict Cumberbatch
Johnny Depp,Eddie Redmayne
Johnny Depp,Javier Bardem
Johnny Depp,Julian Schnabel
Johnny Depp,Gary Oldman
Johnny Depp,Kenneth Branagh
Johnny Depp,J.K. Simmons
Johnny Depp,Laura Dern
Johnny Depp,Keira Knightley
Johnny Depp,Chiwetel Ejiofor
Johnny Depp,Willem Dafoe
Johnny Depp,Mary J. Blige
Johnny Depp,Mark Rylance
Tommy Lee Jones,Javier Bardem
Tommy Lee Jones,Stanley Tucci
Tommy Lee Jones,Hal Holbrook
Tommy Lee Jones,Josh Brolin
Tommy Lee Jones,John Hawkes
Tommy Lee Jones,Morgan Freeman
Tommy Lee Jones,Robert De Niro
Tommy Lee Jones,Steven Spielberg
Tommy Lee Jones,Hailee Steinfeld
Tommy Lee Jones,Matt Damon
Tommy Lee Jones,Gary Oldman
Tommy Lee Jones,Alicia Vikander
Tommy Lee Jones,Woody Harrelson
Tommy Lee Jones,Woody Allen
Tommy Lee Jones,Wes Anderson
Tommy Lee Jones,Brad Pitt
Tommy Lee Jones,Ruth Negga
Viggo Mortensen,Sean Penn
Viggo Mortensen,Josh Brolin
Viggo Mortensen,Marisa Tomei
Viggo Mortensen,Brad Pitt
Viggo Mortensen,Robert Downey Jr.
Viggo Mortensen,Morgan Freeman
Viggo Mortensen,Matt Damon
Viggo Mortensen,James Cameron
Viggo Mortensen,Amy Adams
Viggo Mortensen,Frank Langella
Viggo Mortensen,Octavia Spencer
Viggo Mortensen,Mahershala Ali
Casey Affleck,Sean Penn
Casey Affleck,Gabourey Sidibe
Casey Affleck,Anna Kendrick
Casey Affleck,Woody Harrelson
Casey Affleck,Christian Bale
Casey Affleck,Rooney Mara
Casey Affleck,Anne Hathaway
Casey Affleck,Matt Damon
Casey Affleck,Jessica Chastain
Casey Affleck,Matthew McConaughey
Casey Affleck,Marion Cotillard
Casey Affleck,Angelina Jolie
Casey Affleck,Geoffrey Rush
Casey Affleck,Joaquin Phoenix
Casey Affleck,Michelle Williams
Casey Affleck,Chiwetel Ejiofor
Javier Bardem,Tilda Swinton
Javier Bardem,Richard Jenkins
Javier Bardem,Brad Pitt
Javier Bardem,Viola Davis
Javier Bardem,Matt Damon
Javier Bardem,Terrence Malick
Javier Bardem,Sean Penn
Javier Bardem,Julian Schnabel
Javier Bardem,Geoffrey Rush
Javier Bardem,Jennifer Lawrence
Javier Bardem,Darren Aronofsky
Javier Bardem,Gary Oldman
Javier Bardem,Keira Knightley
Philip Seymour Hoffman,Amy Adams
Philip Seymour Hoffman,Viola Davis
Philip Seymour Hoffman,Amy Ryan
Philip Seymour Hoffman,Brad Pitt
Philip Seymour Hoffman,Marisa Tomei
Philip Seymour Hoffman,Paul Thomas Anderson
Philip Seymour Hoffman,Jonah Hill
Philip Seymour Hoffman,Woody Harrelson
Philip Seymour Hoffman,Stanley Tucci
Philip Seymour Hoffman,Jennifer Lawrence
Philip Seymour Hoffman,Marion Cotillard
Philip Seymour Hoffman,Jason Reitman
Philip Seymour Hoffman,Richard Jenkins
Philip Seymour Hoffman,Angelina Jolie
Philip Seymour Hoffman,Ron Howard
Philip Seymour Hoffman,Matt Damon
Philip Seymour Hoffman,Kathryn Bigelow
Philip Seymour Hoffman,Annette Bening
Philip Seymour Hoffman,Nicole Kidman
Philip Seymour Hoffman,Nick Nolte
Philip Seymour Hoffman,Glenn Close
Philip Seymour Hoffman,Denzel Washington
Philip Seymour Hoffman,Ang Lee
Philip Seymour Hoffman,Steven Spielberg
Philip Seymour Hoffman,Julia Roberts
Philip Seymour Hoffman,Steve McQueen
Philip Seymour Hoffman,Julianne Moore
Philip Seymour Hoffman,Maggie Gyllenhaal
Philip Seymour Hoffman,Natalie Portman
Philip Seymour Hoffman,Ethan Hawke
Hal Holbrook,Christoph Waltz
Hal Holbrook,Gus Van Sant
Hal Holbrook,Matt Damon
Hal Holbrook,John Hawkes
Hal Holbrook,Morgan Freeman
Hal Holbrook,Steven Spielberg
Hal Holbrook,Sean Penn
Tom Wilkinson,Tony Gilroy
Tom Wilkinson,Jeremy Renner
Tom Wilkinson,Christoph Waltz
Tom Wilkinson,James Franco
Tom Wilkinson,Helena Bonham Carter
Tom Wilkinson,Marion Cotillard
Tom Wilkinson,Heath Ledger
Tom Wilkinson,Anne Hathaway
Tom Wilkinson,Amy Adams
Tom Wilkinson,Morgan Freeman
Tom Wilkinson,Maggie Gyllenhaal
Tom Wilkinson,Christian Bale
Tom Wilkinson,Gary Oldman
Tom Wilkinson,Saoirse Ronan
Tom Wilkinson,Tilda Swinton
Tom Wilkinson,Brad Pitt
Tom Wilkinson,Melissa Leo
Tom Wilkinson,Colin Firth
Julie Christie,Marion Cotillard
Julie Christie,Laura Linney
Julie Christie,Ellen Page
Julie Christie,Richard Jenkins
Julie Christie,Stanley Tucci
Julie Christie,Anna Kendrick
Julie Christie,Nick Nolte
Julie Christie,Danny Boyle
Julie Christie,Annette Bening
Marion Cotillard,Laura Linney
Marion Cotillard,Ellen Page
Marion Cotillard,Matt Damon
Marion Cotillard,John Hawkes
Marion Cotillard,Anne Hathaway
Marion Cotillard,Amy Adams
Marion Cotillard,Morgan Freeman
Marion Cotillard,Christian Bale
Marion Cotillard,Jennifer Lawrence
Marion Cotillard,Gary Oldman
Marion Cotillard,Heath Ledger
Marion Cotillard,Jeremy Renner
Marion Cotillard,Maggie Gyllenhaal
Marion Cotillard,James Franco
Marion Cotillard,Jean Dujardin
Marion Cotillard,Rooney Mara
Marion Cotillard,Joaquin Phoenix
Marion Cotillard,Jason Reitman
Marion Cotillard,Angelina Jolie
Marion Cotillard,Ron Howard
Marion Cotillard,Kathryn Bigelow
Marion Cotillard,Annette Bening
Marion Cotillard,Nicole Kidman
Marion Cotillard,Nick Nolte
Marion Cotillard,Glenn Close
Marion Cotillard,Denzel Washington
Marion Cotillard,Ang Lee
Marion Cotillard,Steven Spielberg
Marion Cotillard,Julia Roberts
Marion Cotillard,Steve McQueen
Marion Cotillard,Jeff Bridges
Marion Cotillard,Geoffrey Rush
Marion Cotillard,Jessica Chastain
Marion Cotillard,Michael Fassbender
Marion Cotillard,Brad Pitt
Marion Cotillard,Gus Van Sant
Marion Cotillard,Charlotte Rampling
Laura Linney,Ellen Page
Laura Linney,Marisa Tomei
Laura Linney,Anne Hathaway
Laura Linney,Melissa Leo
Laura Linney,Stanley Tucci
Laura Linney,Mark Ruffalo
Laura Linney,Michelle Williams
Laura Linney,Hailee Steinfeld
Laura Linney,Demián Bichir
Laura Linney,Bérénice Bejo
Laura Linney,Jessica Chastain
Laura Linney,Octavia Spencer
Laura Linney,Michael Shannon
Laura Linney,Amy Adams
Laura Linney,Colin Firth
Laura Linney,Nicole Kidman
Laura Linney,Chiwetel Ejiofor
Laura Linney,Keira Knightley
Ellen Page,Jesse Eisenberg
Ellen Page,Woody Allen
Ellen Page,Jennifer Lawrence
Ellen Page,Hugh Jackman
Ellen Page,Michael Fassbender
Ellen Page,Michael Shannon
Ellen Page,Steve Carell
Ellen Page,Julianne Moore
Saoirse Ronan,Tilda Swinton
Saoirse Ronan,Frank Langella
Saoirse Ronan,Stanley Tucci
Saoirse Ronan,Christoph Waltz
Saoirse Ronan,Nicole Kidman
Saoirse Ronan,Lucas Hedges
Saoirse Ronan,Annette Bening
Saoirse Ronan,Margot Robbie
Saoirse Ronan,Laura Dern
Saoirse Ronan,Timothée Chalamet
Saoirse Ronan,Greta Gerwig
Amy Ryan,Michael Shannon
Amy Ryan,Matt Damon
Amy Ryan,Colin Firth
Amy Ryan,Naomi Watts
Amy Ryan,Jesse Eisenberg
Amy Ryan,Steven Spielberg
Amy Ryan,Melissa McCarthy
Amy Ryan,Bryan Cranston
Amy Ryan,Brad Pitt
Amy Ryan,Steve Carell
Amy Ryan,Timothée Chalamet
Tilda Swinton,Matt Damon
Tilda Swinton,Christoph Waltz
Tilda Swinton,Octavia Spencer
Tilda Swinton,Marisa Tomei
Tilda Swinton,Edward Norton
Tilda Swinton,Wes Anderson
Tilda Swinton,Josh Brolin
Tilda Swinton,Jonah Hill
Tilda Swinton,Chiwetel Ejiofor
Tilda Swinton,Benedict Cumberbatch
Tilda Swinton,Rachel McAdams
Tilda Swinton,Brad Pitt
Tilda Swinton,Bryan Cranston
Tilda Swinton,Frances McDormand
Tilda Swinton,Greta Gerwig
Tilda Swinton,Robert Downey Jr.
Tilda Swinton,Jeremy Renner
Tilda Swinton,Mark Ruffalo
Tilda Swinton,Natalie Portman
Tilda Swinton,Bradley Cooper
Tilda Swinton,Brie Larson
Tilda Swinton,Dev Patel
Tilda Swinton,Adam Driver
Julian Schnabel,Gary Oldman
Julian Schnabel,Willem Dafoe
Jason Reitman,Josh Brolin
Jason Reitman,Angelina Jolie
Jason Reitman,Ron Howard
Jason Reitman,Matt Damon
Jason Reitman,Kathryn Bigelow
Jason Reitman,Quentin Tarantino
Jason Reitman,Annette Bening
Jason Reitman,Nicole Kidman
Jason Reitman,Nick Nolte
Jason Reitman,Glenn Close
Jason Reitman,Denzel Washington
Jason Reitman,Ang Lee
Jason Reitman,Steven Spielberg
Jason Reitman,Matthew McConaughey
Jason Reitman,Julia Roberts
Jason Reitman,Steve McQueen
Jason Reitman,Naomi Watts
Jason Reitman,Vera Farmiga
Jason Reitman,Hugh Jackman
Jason Reitman,J.K. Simmons
Tony Gilroy,Viola Davis
Tony Gilroy,Jeremy Renner
Tony Gilroy,Matt Damon
Tony Gilroy,Felicity Jones
Tony Gilroy,Rosamund Pike
Paul Thomas Anderson,Amy Adams
Paul Thomas Anderson,Josh Brolin
Paul Thomas Anderson,Joaquin Phoenix
Paul Thomas Anderson,Steven Spielberg
Paul Thomas Anderson,Quentin Tarantino
Richard Jenkins,Brad Pitt
Richard Jenkins,Viola Davis
Richard Jenkins,Woody Harrelson
Richard Jenkins,Stanley Tucci
Richard Jenkins,Anna Kendrick
Richard Jenkins,Nick Nolte
Richard Jenkins,Maggie Gyllenhaal
Richard Jenkins,Amy Adams
Richard Jenkins,Mark Ruffalo
Richard Jenkins,Michael Keaton
Richard Jenkins,Michael Shannon
Richard Jenkins,Octavia Spencer
Richard Jenkins,Sally Hawkins
Richard Jenkins,Brie Larson
Richard Jenkins,Jennifer Jason Leigh
Frank Langella,Josh Brolin
Frank Langella,Carey Mulligan
Frank Langella,Christopher Plummer
Frank Langella,Stanley Tucci
Frank Langella,Christoph Waltz
Frank Langella,Nicole Kidman
Frank Langella,Glenn Close
Frank Langella,Quvenzhané Wallis
Frank Langella,John Hawkes
Frank Langella,Melissa Leo
Frank Langella,Steven Spielberg
Frank Langella,Bryan Cranston
Frank Langella,Jennifer Lawrence
Frank Langella,Willem Dafoe
Frank Langella,Guillermo del Toro
Sean Penn,Josh Brolin
Sean Penn,Marisa Tomei
Sean Penn,Brad Pitt
Sean Penn,Nick Nolte
Sean Penn,Jeff Bridges
Sean Penn,Anna Kendrick
Sean Penn,Mel Gibson
Brad Pitt,Angelina Jolie
Brad Pitt,Viola Davis
Brad Pitt,Taraji P. Henson
Brad Pitt,David Fincher
Brad Pitt,Robert Downey Jr.
Brad Pitt,Morgan Freeman
Brad Pitt,Matt Damon
Brad Pitt,James Cameron
Brad Pitt,Michael Shannon
Brad Pitt,Jean Dujardin
Brad Pitt,Jonah Hill
Brad Pitt,Bérénice Bejo
Brad Pitt,Michel Hazanavicius
Brad Pitt,Quvenzhané Wallis
Brad Pitt,Mark Ruffalo
Brad Pitt,Julia Roberts
Brad Pitt,Melissa Leo
Brad Pitt,Marisa Tomei
Brad Pitt,James Franco
Brad Pitt,Christian Bale
Brad Pitt,Robert De Niro
Brad Pitt,Steve Carell
Brad Pitt,Felicity Jones
Brad Pitt,Mickey Rourke
Brad Pitt,Terrence Malick
Brad Pitt,Josh Brolin
Brad Pitt,Amy Adams
Brad Pitt,Hugh Jackman
Brad Pitt,Naomi Watts
Brad Pitt,Adam McKay
Brad Pitt,Barry Jenkins
Brad Pitt,Timothée Chalamet
Brad Pitt,Sam Rockwell
Brad Pitt,Christoph Waltz
Brad Pitt,Quentin Tarantino
Brad Pitt,Demián Bichir
Brad Pitt,Bruce Dern
Brad Pitt,Michael Fassbender
Brad Pitt,Jennifer Jason Leigh
Brad Pitt,Ruth Negga
Brad Pitt,Margot Robbie
Mickey Rourke,Robert Downey Jr.
Mickey Rourke,Michael Shannon
Mickey Rourke,Josh Brolin
Mickey Rourke,Keira Knightley
Josh Brolin,Marisa Tomei
Josh Brolin,Michael Shannon
Josh Brolin,Jeff Bridges
Josh Brolin,Matt Damon
Josh Brolin,Carey Mulligan
Josh Brolin,Nick Nolte
Josh Brolin,Glenn Close
Josh Brolin,Bradley Cooper
Josh Brolin,Joaquin Phoenix
Josh Brolin,Robert Downey Jr.
Josh Brolin,Jeremy Renner
Josh Brolin,John Hawkes
Josh Brolin,Mark Ruffalo
Josh Brolin,Keira Knightley
Josh Brolin,Jonah Hill
Josh Brolin,Kenneth Branagh
Josh Brolin,Hugh Jackman
Josh Brolin,Benedict Cumberbatch
Josh Brolin,Natalie Portman
Josh Brolin,Brie Larson
Robert Downey Jr.,Amy Adams
Robert Downey Jr.,Morgan Freeman
Robert Downey Jr.,Matt Damon
Robert Downey Jr.,James Cameron
Robert Downey Jr.,Jeremy Renner
Robert Downey Jr.,Mark Ruffalo
Robert Downey Jr.,Vera Farmiga
Robert Downey Jr.,Gary Oldman
Robert Downey Jr.,Kenneth Branagh
Robert Downey Jr.,Steve McQueen
Robert Downey Jr.,Marisa Tomei
Robert Downey Jr.,Michael Keaton
Robert Downey Jr.,Bradley Cooper
Robert Downey Jr.,Benedict Cumberbatch
Robert Downey Jr.,Natalie Portman
Robert Downey Jr.,Brie Larson
Robert Downey Jr.,Willem Dafoe
Heath Ledger,Anne Hathaway
Heath Ledger,Amy Adams
Heath Ledger,Morgan Freeman
Heath Ledger,Maggie Gyllenhaal
Heath Ledger,Christian Bale
Heath Ledger,Gary Oldman
Heath Ledger,Naomi Watts
Heath Ledger,Ang Lee
Michael Shannon,Viola Davis
Michael Shannon,James Franco
Michael Shannon,Amy Adams
Michael Shannon,Quentin Tarantino
Michael Shannon,Steve Carell
Michael Shannon,Julianne Moore
Michael Shannon,Laura Dern
Michael Shannon,Colin Firth
Michael Shannon,Jesse Eisenberg
Michael Shannon,Octavia Spencer
Michael Shannon,Sally Hawkins
Michael Shannon,Matthew McConaughey
Michael Shannon,Benedict Cumberbatch
Michael Shannon,Wes Anderson
Michael Shannon,Damien Chazelle
Michael Shannon,Willem Dafoe
Michael Shannon,Christopher Plummer
Michael Shannon,Annette Bening
Anne Hathaway,Jesse Eisenberg
Anne Hathaway,Amy Adams
Anne Hathaway,Morgan Freeman
Anne Hathaway,Christian Bale
Anne Hathaway,Jennifer Lawrence
Anne Hathaway,Helena Bonham Carter
Anne Hathaway,Tom Hooper
Anne Hathaway,Gary Oldman
Anne Hathaway,Melissa Leo
Anne Hathaway,Maggie Gyllenhaal
Anne Hathaway,Mark Ruffalo
Anne Hathaway,Michelle Williams
Anne Hathaway,Hailee Steinfeld
Anne Hathaway,Demián Bichir
Anne Hathaway,Bérénice Bejo
Anne Hathaway,Jessica Chastain
Anne Hathaway,Octavia Spencer
Anne Hathaway,Hugh Jackman
Anne Hathaway,Matt Damon
Anne Hathaway,Matthew McConaughey
Anne Hathaway,Robert De Niro
Anne Hathaway,Melissa McCarthy
Anne Hathaway,Sandra Bullock
Angelina Jolie,Ron Howard
Angelina Jolie,Matt Damon
Angelina Jolie,Kathryn Bigelow
Angelina Jolie,Annette Bening
Angelina Jolie,Nicole Kidman
Angelina Jolie,Nick Nolte
Angelina Jolie,Glenn Close
Angelina Jolie,Janet McTeer
Angelina Jolie,Denzel Washington
Angelina Jolie,Ang Lee
Angelina Jolie,Steven Spielberg
Angelina Jolie,Julia Roberts
Angelina Jolie,Steve McQueen
Angelina Jolie,Geoffrey Rush
Angelina Jolie,Jessica Chastain
Angelina Jolie,Joaquin Phoenix
Angelina Jolie,J.K. Simmons
Angelina Jolie,Bryan Cranston
Angelina Jolie,Darren Aronofsky
Angelina Jolie,Chiwetel Ejiofor
Angelina Jolie,Lesley Manville
Melissa Leo,Amy Adams
Melissa Leo,Jesse Eisenberg
Melissa Leo,Viola Davis
Melissa Leo,Morgan Freeman
Melissa Leo,Mark Ruffalo
Melissa Leo,Michelle Williams
Melissa Leo,Hailee Steinfeld
Melissa Leo,Demián Bichir
Melissa Leo,Bérénice Bejo
Melissa Leo,Jessica Chastain
Melissa Leo,Octavia Spencer
Melissa Leo,Hugh Jackman
Melissa Leo,Denzel Washington
Melissa Leo,Marisa Tomei
Melissa Leo,Christian Bale
Melissa Leo,Steve Carell
Melissa Leo,James Franco
Melissa Leo,Steven Spielberg
Melissa Leo,Bryan Cranston
Melissa Leo,John Hawkes
Amy Adams,Viola Davis
Amy Adams,Jennifer Lawrence
Amy Adams,Morgan Freeman
Amy Adams,Jeremy Renner
Amy Adams,Maggie Gyllenhaal
Amy Adams,Christian Bale
Amy Adams,David O. Russell
Amy Adams,Gary Oldman
Amy Adams,Rooney Mara
Amy Adams,Bradley Cooper
Amy Adams,Joaquin Phoenix
Amy Adams,Robert De Niro
Amy Adams,Christoph Waltz
Amy Adams,Jesse Eisenberg
Amy Adams,J.K. Simmons
Amy Adams,Denis Villeneuve
Amy Adams,Naomi Watts
Amy Adams,Steve Carell
Amy Adams,Adam McKay
Amy Adams,Sam Rockwell
Viola Davis,Stephen Daldry
Viola Davis,Sandra Bullock
Viola Davis,Maggie Gyllenhaal
Viola Davis,Marisa Tomei
Viola Davis,Hailee Steinfeld
Viola Davis,Glenn Close
Viola Davis,Janet McTeer
Viola Davis,Hugh Jackman
Viola Davis,Jessica Chastain
Viola Davis,Octavia Spencer
Viola Davis,Denzel Washington
Viola Davis,Jared Leto
Viola Davis,Mark Ruffalo
Viola Davis,Annette Bening
Viola Davis,Jacki Weaver
Viola Davis,Gary Oldman
Viola Davis,Naomi Watts
Viola Davis,Robert Duvall
Viola Davis,Daniel Kaluuya
Viola Davis,Allison Janney
Viola Davis,Woody Harrelson
Viola Davis,Jesse Eisenberg
Viola Davis,Adam McKay
Taraji P. Henson,David Fincher
Taraji P. Henson,Gabourey Sidibe
Taraji P. Henson,Hailee Steinfeld
Taraji P. Henson,Octavia Spencer
Taraji P. Henson,June Squibb
Taraji P. Henson,Marisa Tomei
Taraji P. Henson,Natalie Portman
Taraji P. Henson,Jessica Chastain
Taraji P. Henson,Reese Witherspoon
Taraji P. Henson,Sam Rockwell
Marisa Tomei,Glenn Close
Marisa Tomei,Janet McTeer
Marisa Tomei,Christian Bale
Marisa Tomei,June Squibb
Marisa Tomei,Steve Carell
Marisa Tomei,Jeremy Renner
Marisa Tomei,Michael Keaton
Marisa Tomei,Jeff Bridges
Marisa Tomei,Woody Harrelson
Marisa Tomei,Jesse Eisenberg
Marisa Tomei,Mark Ruffalo
Marisa Tomei,Natalie Portman
Marisa Tomei,Jessica Chastain
Marisa Tomei,Bradley Cooper
Marisa Tomei,Benedict Cumberbatch
Marisa Tomei,J.K. Simmons
Marisa Tomei,Reese Witherspoon
Marisa Tomei,Brie Larson
Marisa Tomei,Adam McKay
Marisa Tomei,Isabelle Huppert
David Fincher,Christopher Plummer
David Fincher,Danny Boyle
David Fincher,James Cameron
David Fincher,Sandra Bullock
David Fincher,Rooney Mara
David Fincher,Richard Linklater
David Fincher,Wes Anderson
Ron Howard,Gus Van Sant
Ron Howard,Quentin Tarantino
Ron Howard,James Cameron
Ron Howard,Helena Bonham Carter
Ron Howard,Steven Spielberg
Ron Howard,Matt Damon
Ron Howard,Kathryn Bigelow
Ron Howard,Annette Bening
Ron Howard,Nicole Kidman
Ron Howard,Nick Nolte
Ron Howard,Glenn Close
Ron Howard,Denzel Washington
Ron Howard,Ang Lee
Ron Howard,Julia Roberts
Ron Howard,Steve McQueen
Ron Howard,Felicity Jones
Ron Howard,Morgan Freeman
Ron Howard,Matthew McConaughey
Ron Howard,Mel Gibson
Ron Howard,Woody Harrelson
Gus Van Sant,James Franco
Gus Van Sant,Matt Damon
Gus Van Sant,Naomi Watts
Gus Van Sant,Matthew McConaughey
Gus Van Sant,Jonah Hill
Gus Van Sant,Rooney Mara
Gus Van Sant,Joaquin Phoenix
Gus Van Sant,Jacki Weaver
Stephen Daldry,Sandra Bullock
Stephen Daldry,Danny Boyle
Stephen Daldry,Kenneth Branagh
Stephen Daldry,Max von Sydow
Stephen Daldry,Rooney Mara
Danny Boyle,James Cameron
Danny Boyle,Kenneth Branagh
Danny Boyle,Michael Fassbender
Danny Boyle,Steve Carell
Danny Boyle,Emma Stone
Jeff Bridges,Matt Damon
Jeff Bridges,Glenn Close
Jeff Bridges,Woody Allen
Jeff Bridges,Anna Kendrick
Jeff Bridges,Quentin Tarantino
Jeff Bridges,James Franco
Jeff Bridges,Colin Firth
Jeff Bridges,Julianne Moore
Jeff Bridges,Christopher Plummer
Jeff Bridges,David O. Russell
Jeff Bridges,Alexander Payne
Jeff Bridges,J.K. Simmons
Jeff Bridges,Adam McKay
Colin Firth,Tom Hooper
Colin Firth,Stanley Tucci
Colin Firth,Kenneth Branagh
Colin Firth,Nicole Kidman
Colin Firth,Jacki Weaver
Colin Firth,Woody Allen
Colin Firth,Barkhad Abdi
Colin Firth,Chiwetel Ejiofor
Colin Firth,Julianne Moore
Colin Firth,Keira Knightley
Colin Firth,Max von Sydow
Colin Firth,Benedict Cumberbatch
Morgan Freeman,Matt Damon
Morgan Freeman,James Cameron
Morgan Freeman,Christian Bale
Morgan Freeman,Gary Oldman
Morgan Freeman,Woody Harrelson
Morgan Freeman,Maggie Gyllenhaal
Morgan Freeman,Jesse Eisenberg
Morgan Freeman,Mark Ruffalo
Morgan Freeman,Robert De Niro
Morgan Freeman,Steven Spielberg
Morgan Freeman,Jonah Hill
Morgan Freeman,Robert Duvall
Morgan Freeman,Laura Dern
Morgan Freeman,Bryan Cranston
Morgan Freeman,Mel Gibson
Morgan Freeman,Bradley Cooper
Morgan Freeman,Keira Knightley
Morgan Freeman,Nick Nolte
Jeremy Renner,Natalie Portman
Jeremy Renner,Matt Damon
Jeremy Renner,Mark Ruffalo
Jeremy Renner,Christian Bale
Jeremy Renner,Jennifer Lawrence
Jeremy Renner,David O. Russell
Jeremy Renner,Bradley Cooper
Jeremy Renner,Joaquin Phoenix
Jeremy Renner,Robert De Niro
Jeremy Renner,Kenneth Branagh
Jeremy Renner,Michael Keaton
Jeremy Renner,Laura Dern
Jeremy Renner,Adam McKay
Jeremy Renner,Denis Villeneuve
Jeremy Renner,James Franco
Jeremy Renner,Benedict Cumberbatch
Jeremy Renner,Brie Larson
Matt Damon,James Cameron
Matt Damon,John Hawkes
Matt Damon,Mark Ruffalo
Matt Damon,Christoph Waltz
Matt Damon,Kathryn Bigelow
Matt Damon,Annette Bening
Matt Damon,Nicole Kidman
Matt Damon,Jean Dujardin
Matt Damon,Nick Nolte
Matt Damon,Glenn Close
Matt Damon,Jessica Chastain
Matt Damon,Denzel Washington
Matt Damon,Robert De Niro
Matt Damon,Ang Lee
Matt Damon,Steven Spielberg
Matt Damon,Matthew McConaughey
Matt Damon,Julia Roberts
Matt Damon,Steve McQueen
Matt Damon,Chiwetel Ejiofor
Matt Damon,Michelle Williams
Matt Damon,Alicia Vikander
Matt Damon,Alexander Payne
Matt Damon,Benedict Cumberbatch
Matt Damon,Julianne Moore
Matt Damon,Laura Dern
Matt Damon,Bradley Cooper
Matt Damon,Hugh Jackman
Matt Damon,Christian Bale
Woody Harrelson,Quentin Tarantino
Woody Harrelson,Stanley Tucci
Woody Harrelson,Gabourey Sidibe
Woody Harrelson,Jennifer Lawrence
Woody Harrelson,Jesse Eisenberg
Woody Harrelson,Christian Bale
Woody Harrelson,Mark Ruffalo
Woody Harrelson,Woody Allen
Woody Harrelson,Robert De Niro
Woody Harrelson,Julianne Moore
Woody Harrelson,Hailee Steinfeld
Woody Harrelson,Melissa McCarthy
Woody Harrelson,Chiwetel Ejiofor
Woody Harrelson,John Hawkes
Woody Harrelson,Naomi Watts
Woody Harrelson,Laura Dern
Woody Harrelson,Brie Larson
Woody Harrelson,Jennifer Jason Leigh
Woody Harrelson,Lucas Hedges
Woody Harrelson,Michelle Williams
Woody Harrelson,Tom Hardy
Woody Harrelson,Emma Stone
Woody Harrelson,Adam McKay
Christopher Plummer,Helena Bonham Carter
Christopher Plummer,Annette Bening
Christopher Plummer,Michelle Williams
Christopher Plummer,Janet McTeer
Christopher Plummer,Vera Farmiga
Stanley Tucci,Anna Kendrick
Stanley Tucci,Jennifer Lawrence
Stanley Tucci,Nick Nolte
Stanley Tucci,Octavia Spencer
Stanley Tucci,Christoph Waltz
Stanley Tucci,Steven Spielberg
Stanley Tucci,Mark Ruffalo
Stanley Tucci,Michael Keaton
Stanley Tucci,Julianne Moore
Stanley Tucci,Janet McTeer
Stanley Tucci,Geoffrey Rush
Stanley Tucci,Rosamund Pike
Christoph Waltz,James Franco
Christoph Waltz,Quentin Tarantino
Christoph Waltz,Jonah Hill
Christoph Waltz,Sandra Bullock
Christoph Waltz,Alexander Payne
Christoph Waltz,Laura Dern
Christoph Waltz,Alicia Vikander
Christoph Waltz,James Cameron
Christoph Waltz,Annette Bening
Christoph Waltz,Demián Bichir
Christoph Waltz,Robert De Niro
Christoph Waltz,Bruce Dern
Christoph Waltz,Michael Fassbender
Christoph Waltz,Edward Norton
Christoph Waltz,Jennifer Jason Leigh
Christoph Waltz,Mahershala Ali
Sandra Bullock,James Cameron
Sandra Bullock,Demián Bichir
Sandra Bullock,Melissa McCarthy
Sandra Bullock,Geoffrey Rush
Sandra Bullock,Steve Carell
Sandra Bullock,Michael Keaton
Sandra Bullock,Helena Bonham Carter
Sandra Bullock,Jacki Weaver
Carey Mulligan,Helena Bonham Carter
Gabourey Sidibe,Barkhad Abdi
Gabourey Sidibe,Adam McKay
Gabourey Sidibe,Jordan Peele
Vera Farmiga,John Hawkes
Vera Farmiga,Demián Bichir
Vera Farmiga,Hugh Jackman
Vera Farmiga,J.K. Simmons
Vera Farmiga,Sally Hawkins
Maggie Gyllenhaal,Christian Bale
Maggie Gyllenhaal,Gary Oldman
Maggie Gyllenhaal,Michael Fassbender
Maggie Gyllenhaal,Natalie Portman
Maggie Gyllenhaal,Ethan Hawke
Anna Kendrick,Quentin Tarantino
Anna Kendrick,Nick Nolte
Anna Kendrick,Jacki Weaver
Anna Kendrick,Hailee Steinfeld
Anna Kendrick,Quvenzhané Wallis
Anna Kendrick,J.K. Simmons
Anna Kendrick,Bryan Cranston
Anna Kendrick,June Squibb
Anna Kendrick,George Miller
Mo'Nique,James Franco
James Cameron,J.K. Simmons
James Cameron,Steven Spielberg
James Cameron,Edward Norton
James Cameron,Mahershala Ali
Kathryn Bigelow,Jessica Chastain
Kathryn Bigelow,Annette Bening
Kathryn Bigelow,Nicole Kidman
Kathryn Bigelow,Nick Nolte
Kathryn Bigelow,Glenn Close
Kathryn Bigelow,Denzel Washington
Kathryn Bigelow,Ang Lee
Kathryn Bigelow,Steven Spielberg
Kathryn Bigelow,Julia Roberts
Kathryn Bigelow,Steve McQueen
Quentin Tarantino,Jonah Hill
Quentin Tarantino,Matthew McConaughey
Quentin Tarantino,Demián Bichir
Quentin Tarantino,Bruce Dern
Quentin Tarantino,Sylvester Stallone
Quentin Tarantino,George Miller
Quentin Tarantino,Wes Anderson
Quentin Tarantino,Damien Chazelle
Quentin Tarantino,Willem Dafoe
Quentin Tarantino,David O. Russell
Quentin Tarantino,Woody Allen
Quentin Tarantino,Robert De Niro
Quentin Tarantino,Michael Fassbender
Quentin Tarantino,Jennifer Jason Leigh
Quentin Tarantino,Margot Robbie
Lee Daniels,Nicole Kidman
Jesse Eisenberg,Woody Allen
Jesse Eisenberg,Mark Ruffalo
Jesse Eisenberg,Sally Hawkins
Jesse Eisenberg,Jared Leto
Jesse Eisenberg,Steve Carell
Jesse Eisenberg,J.K. Simmons
Jesse Eisenberg,Emma Stone
Jesse Eisenberg,Adam McKay
James Franco,Natalie Portman
James Franco,Jessica Chastain
James Franco,Michelle Williams
James Franco,Jonah Hill
James Franco,Rooney Mara
James Franco,Gary Oldman
James Franco,Nicole Kidman
James Franco,Robert Duvall
James Franco,Felicity Jones
James Franco,Edward Norton
James Franco,Bryan Cranston
James Franco,Jacki Weaver
James Franco,Demián Bichir
James Franco,Michael Fassbender
Christian Bale,Gary Oldman
Christian Bale,Jennifer Lawrence
Christian Bale,David O. Russell
Christian Bale,Bradley Cooper
Christian Bale,Robert De Niro
Christian Bale,Natalie Portman
Christian Bale,Terrence Malick
Christian Bale,Steve Carell
Christian Bale,Sally Field
Christian Bale,Steven Spielberg
Christian Bale,Rosamund Pike
Christian Bale,Laura Dern
Christian Bale,Naomi Watts
Christian Bale,Benedict Cumberbatch
Christian Bale,Adam McKay
Christian Bale,Naomie Harris
Christian Bale,Sam Rockwell
John Hawkes,Mark Ruffalo
John Hawkes,Glenn Close
John Hawkes,Keira Knightley
John Hawkes,Lucas Hedges
John Hawkes,Octavia Spencer
John Hawkes,Bruce Dern
Mark Ruffalo,Michelle Williams
Mark Ruffalo,Hailee Steinfeld
Mark Ruffalo,Demián Bichir
Mark Ruffalo,Bérénice Bejo
Mark Ruffalo,Jessica Chastain
Mark Ruffalo,Octavia Spencer
Mark Ruffalo,Kenneth Branagh
Mark Ruffalo,Julia Roberts
Mark Ruffalo,Michael Keaton
Mark Ruffalo,Benedict Cumberbatch
Mark Ruffalo,Annette Bening
Mark Ruffalo,Gary Oldman
Mark Ruffalo,Bradley Cooper
Mark Ruffalo,Naomi Watts
Mark Ruffalo,Allison Janney
Mark Ruffalo,Natalie Portman
Mark Ruffalo,Brie Larson
Mark Ruffalo,Willem Dafoe
Geoffrey Rush,Jessica Chastain
Geoffrey Rush,Joaquin Phoenix
Geoffrey Rush,Steve Carell
Geoffrey Rush,Michael Keaton
Geoffrey Rush,Keira Knightley
Annette Bening,Nicole Kidman
Annette Bening,Nick Nolte
Annette Bening,Glenn Close
Annette Bening,Bérénice Bejo
Annette Bening,Michel Hazanavicius
Annette Bening,Denzel Washington
Annette Bening,Ang Lee
Annette Bening,Steven Spielberg
Annette Bening,Julia Roberts
Annette Bening,Steve McQueen
Annette Bening,Gary Oldman
Annette Bening,Naomi Watts
Annette Bening,Allison Janney
Annette Bening,Brie Larson
Annette Bening,Adam Driver
Nicole Kidman,Jacki Weaver
Nicole Kidman,Nick Nolte
Nicole Kidman,Glenn Close
Nicole Kidman,Joaquin Phoenix
Nicole Kidman,Denzel Washington
Nicole Kidman,Helen Hunt
Nicole Kidman,Ang Lee
Nicole Kidman,Steven Spielberg
Nicole Kidman,Sally Hawkins
Nicole Kidman,Julia Roberts
Nicole Kidman,Steve McQueen
Nicole Kidman,Chiwetel Ejiofor
Nicole Kidman,Rooney Mara
Nicole Kidman,Lucas Hedges
Nicole Kidman,Willem Dafoe
Nicole Kidman,Bryan Cranston
Nicole Kidman,Margot Robbie
Nicole Kidman,Allison Janney
Jennifer Lawrence,Jacki Weaver
Jennifer Lawrence,David O. Russell
Jennifer Lawrence,Bradley Cooper
Jennifer Lawrence,Robert De Niro
Jennifer Lawrence,Hugh Jackman
Jennifer Lawrence,Michael Fassbender
Jennifer Lawrence,Julianne Moore
Jennifer Lawrence,Morten Tyldum
Jennifer Lawrence,Darren Aronofsky
Jennifer Lawrence,Charlotte Rampling
Jennifer Lawrence,Jessica Chastain
Jennifer Lawrence,Willem Dafoe
Jennifer Lawrence,Guillermo del Toro
Natalie Portman,Darren Aronofsky
Natalie Portman,Kenneth Branagh
Natalie Portman,Terrence Malick
Natalie Portman,Ethan Hawke
Natalie Portman,Rooney Mara
Natalie Portman,Michael Fassbender
Natalie Portman,Jennifer Jason Leigh
Natalie Portman,Willem Dafoe
Natalie Portman,Jessica Chastain
Natalie Portman,Bradley Cooper
Natalie Portman,Benedict Cumberbatch
Natalie Portman,Reese Witherspoon
Natalie Portman,Brie Larson
Michelle Williams,Hailee Steinfeld
Michelle Williams,Demián Bichir
Michelle Williams,Bérénice Bejo
Michelle Williams,Jessica Chastain
Michelle Williams,Octavia Spencer
Michelle Williams,Laura Dern
Michelle Williams,Hugh Jackman
Michelle Williams,Julianne Moore
Michelle Williams,Tom Hardy
Helena Bonham Carter,Tom Hooper
Helena Bonham Carter,Steven Spielberg
Helena Bonham Carter,Kenneth Branagh
Hailee Steinfeld,Demián Bichir
Hailee Steinfeld,Bérénice Bejo
Hailee Steinfeld,Jessica Chastain
Hailee Steinfeld,Octavia Spencer
Hailee Steinfeld,Nick Nolte
Hailee Steinfeld,Julia Roberts
Hailee Steinfeld,Ethan Hawke
Hailee Steinfeld,Steven Spielberg
Hailee Steinfeld,Mahershala Ali
Hailee Steinfeld,Matthew McConaughey
Hailee Steinfeld,Benedict Cumberbatch
Hailee Steinfeld,Brie Larson
Jacki Weaver,David O. Russell
Jacki Weaver,Woody Allen
Jacki Weaver,Bryan Cranston
Jacki Weaver,Melissa McCarthy
Jacki Weaver,Robert Duvall
Jacki Weaver,Daniel Kaluuya
Darren Aronofsky,Nick Nolte
Darren Aronofsky,Jessica Chastain
Darren Aronofsky,Bruce Dern
Darren Aronofsky,Matthew McConaughey
Darren Aronofsky,Jennifer Jason Leigh
David O. Russell,Bradley Cooper
David O. Russell,Robert De Niro
David O. Russell,Alexander Payne
David O. Russell,Woody Allen
David O. Russell,Adam McKay
Tom Hooper,Hugh Jackman
Tom Hooper,Eddie Redmayne
Demián Bichir,Bérénice Bejo
Demián Bichir,Jessica Chastain
Demián Bichir,Melissa McCarthy
Demián Bichir,Octavia Spencer
Demián Bichir,Bruce Dern
Demián Bichir,Michael Fassbender
Demián Bichir,Robert De Niro
Demián Bichir,Jennifer Jason Leigh
Jean Dujardin,Bérénice Bejo
Jean Dujardin,Michel Hazanavicius
Jean Dujardin,Jonah Hill
Gary Oldman,Jessica Chastain
Gary Oldman,Steve McQueen
Gary Oldman,Naomi Watts
Gary Oldman,Allison Janney
Kenneth Branagh,Tom Hardy
Kenneth Branagh,Mark Rylance
Kenneth Branagh,Bradley Cooper
Kenneth Branagh,Benedict Cumberbatch
Kenneth Branagh,Christopher Nolan
Jonah Hill,Felicity Jones
Jonah Hill,Bradley Cooper
Jonah Hill,Edward Norton
Jonah Hill,Bryan Cranston
Jonah Hill,Rooney Mara
Jonah Hill,Joaquin Phoenix
Jonah Hill,Lucas Hedges
Jonah Hill,Jordan Peele
Jonah Hill,Matthew McConaughey
Jonah Hill,Sam Rockwell
Nick Nolte,Glenn Close
Nick Nolte,Denzel Washington
Nick Nolte,Ang Lee
Nick Nolte,Steven Spielberg
Nick Nolte,Julia Roberts
Nick Nolte,Steve McQueen
Nick Nolte,Rosamund Pike
Max von Sydow,Lupita Nyong'o
Glenn Close,Woody Allen
Glenn Close,Janet McTeer
Glenn Close,Hugh Jackman
Glenn Close,Bradley Cooper
Glenn Close,Denzel Washington
Glenn Close,Ang Lee
Glenn Close,Steven Spielberg
Glenn Close,Julia Roberts
Glenn Close,Steve McQueen
Glenn Close,Octavia Spencer
Glenn Close,June Squibb
Glenn Close,J.K. Simmons
Rooney Mara,Joaquin Phoenix
Rooney Mara,Melissa McCarthy
Rooney Mara,Hugh Jackman
Rooney Mara,Michael Fassbender
Rooney Mara,Matthew McConaughey
Rooney Mara,Terrence Malick
Rooney Mara,Chiwetel Ejiofor
Bérénice Bejo,Michel Hazanavicius
Bérénice Bejo,Jessica Chastain
Bérénice Bejo,Octavia Spencer
Bérénice Bejo,Barkhad Abdi
Jessica Chastain,Octavia Spencer
Jessica Chastain,Hugh Jackman
Jessica Chastain,Matthew McConaughey
Jessica Chastain,Joaquin Phoenix
Jessica Chastain,Chiwetel Ejiofor
Jessica Chastain,Sam Rockwell
Jessica Chastain,Woody Allen
Jessica Chastain,Michael Fassbender
Jessica Chastain,Reese Witherspoon
Jessica Chastain,Guillermo del Toro
Melissa McCarthy,Bradley Cooper
Melissa McCarthy,Naomi Watts
Melissa McCarthy,Michael Fassbender
Melissa McCarthy,Adam McKay
Melissa McCarthy,Hugh Jackman
Janet McTeer,Octavia Spencer
Janet McTeer,Quvenzhané Wallis
Janet McTeer,Naomi Watts
Octavia Spencer,Quvenzhané Wallis
Octavia Spencer,Naomi Watts
Octavia Spencer,J.K. Simmons
Octavia Spencer,Sally Hawkins
Octavia Spencer,Mahershala Ali
Octavia Spencer,Allison Janney
Alexander Payne,Woody Allen
Alexander Payne,Robert De Niro
Alexander Payne,Michael Haneke
Alexander Payne,Ang Lee
Alexander Payne,Laura Dern
Alexander Payne,Adam McKay
Woody Allen,Robert De Niro
Woody Allen,Michael Haneke
Woody Allen,Ang Lee
Woody Allen,Joaquin Phoenix
Woody Allen,Emma Stone
Woody Allen,Steve Carell
Woody Allen,Wes Anderson
Woody Allen,Timothée Chalamet
Terrence Malick,Michael Fassbender
Bradley Cooper,Robert De Niro
Bradley Cooper,Emma Stone
Bradley Cooper,Sylvester Stallone
Bradley Cooper,Benedict Cumberbatch
Bradley Cooper,Joaquin Phoenix
Bradley Cooper,Brie Larson
Bradley Cooper,Lady Gaga
Hugh Jackman,Naomi Watts
Hugh Jackman,Matthew McConaughey
Hugh Jackman,Michael Fassbender
Hugh Jackman,Lupita Nyong'o
Hugh Jackman,J.K. Simmons
Hugh Jackman,Allison Janney
Joaquin Phoenix,Helen Hunt
Joaquin Phoenix,Emma Stone
Joaquin Phoenix,Chiwetel Ejiofor
Joaquin Phoenix,Robert De Niro
Denzel Washington,Ang Lee
Denzel Washington,Steven Spielberg
Denzel Washington,Julia Roberts
Denzel Washington,Steve McQueen
Denzel Washington,Ethan Hawke
Robert De Niro,Michael Haneke
Robert De Niro,Ang Lee
Robert De Niro,Robert Duvall
Robert De Niro,Julianne Moore
Robert De Niro,Laura Dern
Robert De Niro,Bryan Cranston
Robert De Niro,Bruce Dern
Robert De Niro,Michael Fassbender
Robert De Niro,Sylvester Stallone
Robert De Niro,Jennifer Jason Leigh
Robert De Niro,Lady Gaga
Emmanuelle Riva,Michael Haneke
Naomi Watts,Matthew McConaughey
Naomi Watts,Ang Lee
Naomi Watts,Laura Dern
Naomi Watts,Brie Larson
Naomi Watts,Steve Carell
Naomi Watts,Adam McKay
Naomi Watts,Sam Rockwell
Naomi Watts,Allison Janney
Sally Field,Steven Spielberg
Sally Field,Laura Dern
Helen Hunt,Bryan Cranston
Michael Haneke,Ang Lee
Michael Haneke,Isabelle Huppert
Ang Lee,Steven Spielberg
Ang Lee,Julia Roberts
Ang Lee,Steve McQueen
Ang Lee,Alfonso Cuarón
Ang Lee,Christopher Nolan
Steven Spielberg,Julia Roberts
Steven Spielberg,Steve McQueen
Steven Spielberg,Reese Witherspoon
Steven Spielberg,Bryan Cranston
Steven Spielberg,Mark Rylance
Steven Spielberg,Laura Dern
Steven Spielberg,Sylvester Stallone
Steven Spielberg,Denis Villeneuve
Steven Spielberg,Bruce Dern
Steven Spielberg,Damien Chazelle
Steven Spielberg,Alfonso Cuarón
Steven Spielberg,Christopher Nolan
Bruce Dern,Matthew McConaughey
Bruce Dern,Jennifer Jason Leigh
Bruce Dern,Denis Villeneuve
Bruce Dern,Michael Fassbender
Bruce Dern,Margot Robbie
Chiwetel Ejiofor,Julia Roberts
Chiwetel Ejiofor,Benedict Cumberbatch
Chiwetel Ejiofor,Rachel McAdams
Chiwetel Ejiofor,Keira Knightley
Chiwetel Ejiofor,Mary J. Blige
Chiwetel Ejiofor,Lesley Manville
Matthew McConaughey,Ethan Hawke
Matthew McConaughey,Reese Witherspoon
Matthew McConaughey,Richard Linklater
Matthew McConaughey,Wes Anderson
Matthew McConaughey,Jennifer Jason Leigh
Matthew McConaughey,Damien Chazelle
Matthew McConaughey,Willem Dafoe
Matthew McConaughey,Benedict Cumberbatch
Matthew McConaughey,Brie Larson
Barkhad Abdi,Adam McKay
Barkhad Abdi,Jared Leto
Barkhad Abdi,Jennifer Jason Leigh
Barkhad Abdi,Denis Villeneuve
Michael Fassbender,Charlotte Rampling
Michael Fassbender,Alicia Vikander
Michael Fassbender,J.K. Simmons
Michael Fassbender,Jennifer Jason Leigh
Jared Leto,Denis Villeneuve
Sally Hawkins,Ethan Hawke
Lupita Nyong'o,Laura Dern
Lupita Nyong'o,Daniel Kaluuya
Lupita Nyong'o,Jordan Peele
Lupita Nyong'o,Adam Driver
Lupita Nyong'o,Richard E. Grant
Julia Roberts,Steve McQueen
Julia Roberts,Lucas Hedges
June Squibb,J.K. Simmons
June Squibb,Patricia Arquette
June Squibb,Laurie Metcalf
June Squibb,Jordan Peele
Alfonso Cuarón,Christopher Nolan
Steve Carell,Michael Keaton
Steve Carell,Julianne Moore
Steve Carell,Emma Stone
Steve Carell,Richard Linklater
Steve Carell,Bryan Cranston
Steve Carell,Adam McKay
Steve Carell,Timothée Chalamet
Steve Carell,Sam Rockwell
Benedict Cumberbatch,Rachel McAdams
Benedict Cumberbatch,Naomie Harris
Benedict Cumberbatch,Brie Larson
Michael Keaton,Laura Dern
Eddie Redmayne,Felicity Jones
Robert Duvall,Bryan Cranston
Robert Duvall,Laura Dern
Robert Duvall,Daniel Kaluuya
Ethan Hawke,Patricia Arquette
Ethan Hawke,Richard Linklater
Ethan Hawke,Julianne Moore
Ethan Hawke,Sam Rockwell
Edward Norton,Wes Anderson
Edward Norton,Keira Knightley
Edward Norton,Bryan Cranston
Edward Norton,Frances McDormand
Edward Norton,Greta Gerwig
Edward Norton,Mahershala Ali
Edward Norton,Willem Dafoe
J.K. Simmons,Emma Stone
J.K. Simmons,Bryan Cranston
J.K. Simmons,Laura Dern
Reese Witherspoon,Wes Anderson
Patricia Arquette,Richard Linklater
Patricia Arquette,Laurie Metcalf
Patricia Arquette,Jordan Peele
Laura Dern,Bryan Cranston
Laura Dern,Timothée Chalamet
Laura Dern,Greta Gerwig
Laura Dern,Adam Driver
Richard Linklater,Wes Anderson
Richard Linklater,Bryan Cranston
Richard Linklater,Sam Rockwell
Wes Anderson,Bryan Cranston
Wes Anderson,Damien Chazelle
Wes Anderson,Willem Dafoe
Wes Anderson,Frances McDormand
Wes Anderson,Greta Gerwig
Bryan Cranston,Frances McDormand
Bryan Cranston,Greta Gerwig
Tom Hardy,Mark Rylance
Tom Hardy,George Miller
Mark Rylance,Christopher Nolan
Brie Larson,Willem Dafoe
Charlotte Rampling,Alicia Vikander
Charlotte Rampling,Lenny Abrahamson
Adam McKay,Mel Gibson
Adam McKay,Sam Rockwell
Damien Chazelle,Willem Dafoe
Timothée Chalamet,Greta Gerwig
Willem Dafoe,Guillermo del Toro
Frances McDormand,Greta Gerwig
Margot Robbie,Allison Janney
Laurie Metcalf,Jordan Peele
Adam Driver,Richard E. Grant
